{
  "Annualized Return": 0.634574,
  "Annualized Volatility": 0.261162,
  "Sharpe Ratio": 2.265161,
  "Sortino Ratio": 2.685207,
  "Maximum Drawdown": -0.179592,
  "Beta to SPY": 0.900091,
  "VaR 95%": -0.028867,
  "VaR 99%": -0.047049,
  "CVaR 95%": -0.041777,
  "VaR 95% ($)": 30773.630518,
  "VaR 99% ($)": 50155.734479,
  "Skewness": -0.922996,
  "Kurtosis": 2.525038,
  "Calmar Ratio": 3.533431,
  "Net Delta (USD)": -277013.497186,
  "Option Delta Exposure": -379009.86685,
  "Hedged VaR 95%": -0.018604,
  "Hedged VaR 99%": -0.030321,
  "Option Hedging Impact": -0.355532,
  "Total Portfolio Value (CAD)": 1066035.983728,
  "Total Portfolio Value (USD)": 779152.158842,
  "VaR 95% (CAD)": 30773.630518,
  "VaR 95% (USD)": 22492.055633,
  "VaR 99% (CAD)": 50155.734479,
  "VaR 99% (USD)": 36658.189212,
  "Net Delta (CAD)": -379009.86685
}