{
  "Annualized Return": 0.693514,
  "Annualized Volatility": 0.264274,
  "Sharpe Ratio": 2.461512,
  "Sortino Ratio": 2.806465,
  "Maximum Drawdown": -0.165363,
  "Beta to SPY": 0.563902,
  "VaR 95%": -0.022504,
  "VaR 99%": -0.053694,
  "CVaR 95%": -0.042832,
  "VaR 95% ($)": 23148.882582,
  "VaR 99% ($)": 55233.238696,
  "Skewness": -0.995936,
  "Kurtosis": 4.169819,
  "Calmar Ratio": 4.193878,
  "Net Delta (USD)": -277013.497186,
  "Option Delta Exposure": -379009.86685,
  "Hedged VaR 95%": -0.014212,
  "Hedged VaR 99%": -0.033911,
  "Option Hedging Impact": -0.368451,
  "Total Portfolio Value (CAD)": 1028658.247679,
  "Total Portfolio Value (USD)": 751833.246367,
  "VaR 95% (CAD)": 23148.882582,
  "VaR 95% (USD)": 16919.224223,
  "VaR 99% (CAD)": 55233.238696,
  "VaR 99% (USD)": 40369.272545,
  "Net Delta (CAD)": -379009.86685
}