{
  "Annualized Return": 0.668893,
  "Annualized Volatility": 0.274546,
  "Sharpe Ratio": 2.279734,
  "Sortino Ratio": 2.698627,
  "Maximum Drawdown": -0.178402,
  "Beta to SPY": 0.625447,
  "VaR 95%": -0.030417,
  "VaR 99%": -0.051156,
  "CVaR 95%": -0.043525,
  "VaR 95% ($)": 30043.044993,
  "VaR 99% ($)": 50526.262026,
  "Skewness": -0.8222,
  "Kurtosis": 2.977627,
  "Calmar Ratio": 3.749352,
  "Net Delta (USD)": -277013.497186,
  "Option Delta Exposure": -379009.86685,
  "Hedged VaR 95%": -0.018745,
  "Hedged VaR 99%": -0.031526,
  "Option Hedging Impact": -0.383731,
  "Total Portfolio Value (CAD)": 987695.520948,
  "Total Portfolio Value (USD)": 721894.109742,
  "VaR 95% (CAD)": 30043.044993,
  "VaR 95% (USD)": 21958.079954,
  "VaR 99% (CAD)": 50526.262026,
  "VaR 99% (USD)": 36929.003088,
  "Net Delta (CAD)": -379009.86685
}