{
  "Annualized Return": 0.436365,
  "Annualized Volatility": 0.274197,
  "Sharpe Ratio": 1.434609,
  "Sortino Ratio": 1.698918,
  "Maximum Drawdown": -0.173794,
  "Beta to SPY": 0.644174,
  "VaR 95%": -0.030473,
  "VaR 99%": -0.05265,
  "CVaR 95%": -0.044878,
  "VaR 95% ($)": 28564.92725,
  "VaR 99% ($)": 49352.880937,
  "Skewness": -0.824024,
  "Kurtosis": 2.830386,
  "Calmar Ratio": 2.510813,
  "Net Delta (USD)": -277013.497186,
  "Option Delta Exposure": -379009.86685,
  "Hedged VaR 95%": -0.018152,
  "Hedged VaR 99%": -0.031362,
  "Option Hedging Impact": -0.404329,
  "Total Portfolio Value (CAD)": 937380.44683,
  "Total Portfolio Value (USD)": 685119.461212,
  "VaR 95% (CAD)": 28564.92725,
  "VaR 95% (USD)": 20877.742472,
  "VaR 99% (CAD)": 49352.880937,
  "VaR 99% (USD)": 36071.393756,
  "Net Delta (CAD)": -379009.86685
}