{
  "Annualized Return": 0.615328,
  "Annualized Volatility": 0.263383,
  "Sharpe Ratio": 2.172984,
  "Sortino Ratio": 2.472426,
  "Maximum Drawdown": -0.181395,
  "Beta to SPY": 0.689292,
  "VaR 95%": -0.030163,
  "VaR 99%": -0.050335,
  "CVaR 95%": -0.043248,
  "VaR 95% ($)": 30833.703872,
  "VaR 99% ($)": 51453.611864,
  "Skewness": -1.06638,
  "Kurtosis": 3.054414,
  "Calmar Ratio": 3.392191,
  "Net Delta (USD)": -277013.497186,
  "Option Delta Exposure": -379009.86685,
  "Hedged VaR 95%": -0.01898,
  "Hedged VaR 99%": -0.031672,
  "Option Hedging Impact": -0.370771,
  "Total Portfolio Value (CAD)": 1022221.209618,
  "Total Portfolio Value (USD)": 747128.497017,
  "VaR 95% (CAD)": 30833.703872,
  "VaR 95% (USD)": 22535.962485,
  "VaR 99% (CAD)": 51453.611864,
  "VaR 99% (USD)": 37606.791305,
  "Net Delta (CAD)": -379009.86685
}