{
  "Annualized Return": 0.573014,
  "Annualized Volatility": 0.266414,
  "Sharpe Ratio": 1.989435,
  "Sortino Ratio": 2.345399,
  "Maximum Drawdown": -0.166006,
  "Beta to SPY": 0.606533,
  "VaR 95%": -0.024586,
  "VaR 99%": -0.05272,
  "CVaR 95%": -0.04299,
  "VaR 95% ($)": 24561.828473,
  "VaR 99% ($)": 52669.593366,
  "Skewness": -0.872984,
  "Kurtosis": 3.551801,
  "Calmar Ratio": 3.451762,
  "Net Delta (USD)": -277013.497186,
  "Option Delta Exposure": -379009.86685,
  "Hedged VaR 95%": -0.015258,
  "Hedged VaR 99%": -0.03272,
  "Option Hedging Impact": -0.379375,
  "Total Portfolio Value (CAD)": 999036.89462,
  "Total Portfolio Value (USD)": 730183.375691,
  "VaR 95% (CAD)": 24561.828473,
  "VaR 95% (USD)": 17951.928427,
  "VaR 99% (CAD)": 52669.593366,
  "VaR 99% (USD)": 38495.536738,
  "Net Delta (CAD)": -379009.86685
}