{
  "Annualized Return": 0.577593,
  "Annualized Volatility": 0.255894,
  "Sharpe Ratio": 2.089117,
  "Sortino Ratio": 2.375344,
  "Maximum Drawdown": -0.17303,
  "Beta to SPY": 0.687368,
  "VaR 95%": -0.026251,
  "VaR 99%": -0.048574,
  "CVaR 95%": -0.04248,
  "VaR 95% ($)": 27758.029098,
  "VaR 99% ($)": 51361.423649,
  "Skewness": -1.04704,
  "Kurtosis": 3.371458,
  "Calmar Ratio": 3.338108,
  "Net Delta (USD)": -277013.497186,
  "Option Delta Exposure": -379009.86685,
  "Hedged VaR 95%": -0.016842,
  "Hedged VaR 99%": -0.031163,
  "Option Hedging Impact": -0.358439,
  "Total Portfolio Value (CAD)": 1057389.35296,
  "Total Portfolio Value (USD)": 772832.446251,
  "VaR 95% (CAD)": 27758.029098,
  "VaR 95% (USD)": 20287.990863,
  "VaR 99% (CAD)": 51361.423649,
  "VaR 99% (USD)": 37539.41211,
  "Net Delta (CAD)": -379009.86685
}