{
  "Annualized Return": 0.660296,
  "Annualized Volatility": 0.266424,
  "Sharpe Ratio": 2.316968,
  "Sortino Ratio": 2.688226,
  "Maximum Drawdown": -0.165684,
  "Beta to SPY": 0.598937,
  "VaR 95%": -0.023761,
  "VaR 99%": -0.052993,
  "CVaR 95%": -0.042867,
  "VaR 95% ($)": 24394.293195,
  "VaR 99% ($)": 54403.980523,
  "Skewness": -0.925258,
  "Kurtosis": 3.833954,
  "Calmar Ratio": 3.985264,
  "Net Delta (USD)": -277013.497186,
  "Option Delta Exposure": -379009.86685,
  "Hedged VaR 95%": -0.014989,
  "Hedged VaR 99%": -0.033429,
  "Option Hedging Impact": -0.369177,
  "Total Portfolio Value (CAD)": 1026634.387719,
  "Total Portfolio Value (USD)": 750354.03283,
  "VaR 95% (CAD)": 24394.293195,
  "VaR 95% (USD)": 17829.47902,
  "VaR 99% (CAD)": 54403.980523,
  "VaR 99% (USD)": 39763.17828,
  "Net Delta (CAD)": -379009.86685
}