{
  "Annualized Return": 0.522434,
  "Annualized Volatility": 0.270536,
  "Sharpe Ratio": 1.772164,
  "Sortino Ratio": 2.046063,
  "Maximum Drawdown": -0.167648,
  "Beta to SPY": 0.609384,
  "VaR 95%": -0.026832,
  "VaR 99%": -0.053429,
  "CVaR 95%": -0.0451,
  "VaR 95% ($)": 26278.047084,
  "VaR 99% ($)": 52324.957648,
  "Skewness": -0.923022,
  "Kurtosis": 3.462785,
  "Calmar Ratio": 3.116264,
  "Net Delta (USD)": -277013.497186,
  "Option Delta Exposure": -379009.86685,
  "Hedged VaR 95%": -0.016448,
  "Hedged VaR 99%": -0.032752,
  "Option Hedging Impact": -0.387007,
  "Total Portfolio Value (CAD)": 979336.980525,
  "Total Portfolio Value (USD)": 715784.958723,
  "VaR 95% (CAD)": 26278.047084,
  "VaR 95% (USD)": 19206.290808,
  "VaR 99% (CAD)": 52324.957648,
  "VaR 99% (USD)": 38243.64687,
  "Net Delta (CAD)": -379009.86685
}