{
  "Annualized Return": 0.632505,
  "Annualized Volatility": 0.265128,
  "Sharpe Ratio": 2.223468,
  "Sortino Ratio": 2.609841,
  "Maximum Drawdown": -0.166006,
  "Beta to SPY": 0.592423,
  "VaR 95%": -0.023564,
  "VaR 99%": -0.05272,
  "CVaR 95%": -0.042598,
  "VaR 95% ($)": 23541.70061,
  "VaR 99% ($)": 52669.596648,
  "Skewness": -0.897462,
  "Kurtosis": 3.681742,
  "Calmar Ratio": 3.810128,
  "Net Delta (USD)": -277013.497186,
  "Option Delta Exposure": -379009.86685,
  "Hedged VaR 95%": -0.014625,
  "Hedged VaR 99%": -0.03272,
  "Option Hedging Impact": -0.379375,
  "Total Portfolio Value (CAD)": 999036.89462,
  "Total Portfolio Value (USD)": 730183.375691,
  "VaR 95% (CAD)": 23541.70061,
  "VaR 95% (USD)": 17206.32993,
  "VaR 99% (CAD)": 52669.596648,
  "VaR 99% (USD)": 38495.539138,
  "Net Delta (CAD)": -379009.86685
}