{
  "Annualized Return": 0.624474,
  "Annualized Volatility": 0.265528,
  "Sharpe Ratio": 2.189873,
  "Sortino Ratio": 2.574287,
  "Maximum Drawdown": -0.166006,
  "Beta to SPY": 0.597883,
  "VaR 95%": -0.023619,
  "VaR 99%": -0.052751,
  "CVaR 95%": -0.042598,
  "VaR 95% ($)": 23595.780635,
  "VaR 99% ($)": 52700.645814,
  "Skewness": -0.891659,
  "Kurtosis": 3.661079,
  "Calmar Ratio": 3.76175,
  "Net Delta (USD)": -277013.497186,
  "Option Delta Exposure": -379009.86685,
  "Hedged VaR 95%": -0.014658,
  "Hedged VaR 99%": -0.032739,
  "Option Hedging Impact": -0.379375,
  "Total Portfolio Value (CAD)": 999036.89462,
  "Total Portfolio Value (USD)": 730183.375691,
  "VaR 95% (CAD)": 23595.780635,
  "VaR 95% (USD)": 17245.856333,
  "VaR 99% (CAD)": 52700.645814,
  "VaR 99% (USD)": 38518.232578,
  "Net Delta (CAD)": -379009.86685
}