{
  "Annualized Return": 0.512492,
  "Annualized Volatility": 0.280481,
  "Sharpe Ratio": 1.67388,
  "Sortino Ratio": 1.956188,
  "Maximum Drawdown": -0.17411,
  "Beta to SPY": 0.628342,
  "VaR 95%": -0.031022,
  "VaR 99%": -0.053376,
  "CVaR 95%": -0.04562,
  "VaR 95% ($)": 29322.540023,
  "VaR 99% ($)": 50451.305008,
  "Skewness": -0.895677,
  "Kurtosis": 2.79729,
  "Calmar Ratio": 2.943503,
  "Net Delta (USD)": -277013.497186,
  "Option Delta Exposure": -379009.86685,
  "Hedged VaR 95%": -0.018583,
  "Hedged VaR 99%": -0.031973,
  "Option Hedging Impact": -0.400979,
  "Total Portfolio Value (CAD)": 945210.56412,
  "Total Portfolio Value (USD)": 690842.394474,
  "VaR 95% (CAD)": 29322.540023,
  "VaR 95% (USD)": 21431.472024,
  "VaR 99% (CAD)": 50451.305008,
  "VaR 99% (USD)": 36874.217956,
  "Net Delta (CAD)": -379009.86685
}