{
  "Annualized Return": 0.612708,
  "Annualized Volatility": 0.270706,
  "Sharpe Ratio": 2.104524,
  "Sortino Ratio": 2.391327,
  "Maximum Drawdown": -0.167759,
  "Beta to SPY": 0.586909,
  "VaR 95%": -0.024585,
  "VaR 99%": -0.053642,
  "CVaR 95%": -0.045044,
  "VaR 95% ($)": 24291.348474,
  "VaR 99% ($)": 53002.497202,
  "Skewness": -0.997462,
  "Kurtosis": 3.729409,
  "Calmar Ratio": 3.652307,
  "Net Delta (USD)": -277013.497186,
  "Option Delta Exposure": -379009.86685,
  "Hedged VaR 95%": -0.015154,
  "Hedged VaR 99%": -0.033066,
  "Option Hedging Impact": -0.383585,
  "Total Portfolio Value (CAD)": 988073.551867,
  "Total Portfolio Value (USD)": 722170.407738,
  "VaR 95% (CAD)": 24291.348474,
  "VaR 95% (USD)": 17754.238031,
  "VaR 99% (CAD)": 53002.497202,
  "VaR 99% (USD)": 38738.851924,
  "Net Delta (CAD)": -379009.86685
}